id;salesforce_uid;age_category;supporter_salutation;first_name;second_name;email;street_address;city;county;postcode;country;supporter_picture;supporter_picture_content_type;contactable_by_email;contactable_by_post;location_coordinate_x;location_coordinate_y;facebook_url;instagram_url;twitter_url;created_by_user_id;created_date
1;interface Central;true;MR;Ibrahim;Idaho customized;"KN|VwJ@MO2Q""o.^";Pre-emptive Bouvet Island (Bouvetoya) experiences;New Moriah;Belize Dollar Bacon;Investment Account Rwanda Customer;Senegal;../fake-data/blob/hipster.png;image/png;true;false;75240;31172;Robust hack Electronics;application Cambridgeshire;scalable connecting Fantastic;84645;2019-10-30T07:35:24
2;Investment Account;true;MISS;Olga;Baby Credit Card Account Nevada;":cRc@U|*.h_8G";Interactions;New Danika;vortals value-added;Salad Connecticut;Liechtenstein;../fake-data/blob/hipster.png;image/png;false;true;25601;1811;HDD Security Virginia;solid state Clothing deposit;Maine Checking Account markets;73644;2019-10-30T16:03:21
3;programming District Wooden;false;MR;Esta;instruction set Persistent Investment Account;"(@5a'-d8.)";auxiliary Money Market Account Cotton;South Salma;National Inlet Rue;Path Assimilated Unions;Burundi;../fake-data/blob/hipster.png;image/png;false;false;57763;49836;web-readiness;frame multi-byte modular;Electronics;66353;2019-10-30T06:11:38
4;Strategist;false;MR;Sabina;Zimbabwe;"OI!@^.{q,<;";scale;East Piper;sticky Expressway Checking Account;Street New Jersey;Bahrain;../fake-data/blob/hipster.png;image/png;false;true;71405;45328;Malaysia supply-chains;Borders hack;Pants;86178;2019-10-30T16:44:45
5;navigate didactic Dynamic;true;MISS;Rolando;SMTP web-readiness Cyprus;"S@kf.l;";Incredible multi-byte;Port Mackenziemouth;bandwidth;Visionary pixel SAS;South Georgia and the South Sandwich Islands;../fake-data/blob/hipster.png;image/png;true;false;94440;66808;maroon;superstructure;Kids;8550;2019-10-30T00:53:47
6;backing up;false;MRS;Ludwig;circuit Forward;"g@lKXj+K.iq4'fi";distributed Computers;Muellerborough;generate magnetic;context-sensitive Metrics transmit;Burundi;../fake-data/blob/hipster.png;image/png;false;true;56577;48743;Central digital supply-chains;Bedfordshire;Peru withdrawal Down-sized;13935;2019-10-30T03:04:36
7;methodologies Granite Corporate;true;MRS;Remington;Bouvet Island (Bouvetoya) generating Bedfordshire;"[y;V.@{Qa?p=.z""<LJ";microchip Small Wooden;Port Dixie;pixel Phased payment;Towels Internal;Ireland;../fake-data/blob/hipster.png;image/png;false;false;77091;51891;Fantastic Wooden Chips microchip;Generic;Business-focused generate grid-enabled;35567;2019-10-29T20:35:09
8;card Home Loan Account Applications;false;MS;Jayne;4th generation;";K`UNG@3:.do\`";indexing;Mertzland;Auto Loan Account Course;Incredible interface;Lesotho;../fake-data/blob/hipster.png;image/png;true;true;59828;43482;Centralized bypassing;Clothing Engineer Toys;granular;9158;2019-10-29T23:10:47
9;Marketing mobile Cayman Islands Dollar;true;MR;Vernon;input invoice calculate;"_esP@Uy.fN_";Borders magenta Associate;Ortiztown;pixel;Officer New Hampshire Unions;Gambia;../fake-data/blob/hipster.png;image/png;false;false;69742;73102;azure;Administrator;online program Refined Granite Gloves;52243;2019-10-29T22:39:51
10;Baby Money Market Account;false;MR;Mauricio;magnetic interface;"DCl@]F3,.O";withdrawal alarm Timor-Leste;New Selmer;web-readiness;JBOD Books;Tajikistan;../fake-data/blob/hipster.png;image/png;false;true;38396;93906;primary Supervisor proactive;Fantastic Sleek Granite Tuna Utah;Coordinator;76827;2019-10-30T16:21:25
